reportingFacilityCode,totalParQuantity,shortParQuantity,marketCode,tradeReportDate,securitiesInformationProcessorSymbolIdentifier,shortExemptParQuantity
NQTRF,60340.893076,14833.0,Q,2026-03-02,CURR,0
NYTRF,1360.0,1335.0,N,2026-03-02,CURR,0
NQTRF,135557.970134,39249.668171,Q,2026-05-11,CURR,0
NYTRF,4078.0,410.0,N,2026-05-11,CURR,0
NCTRF,1785.0,1700.0,B,2026-03-03,CURR,0
NQTRF,35111.420512,18681.714754,Q,2026-03-03,CURR,0
NYTRF,7976.0,159.0,N,2026-03-03,CURR,0
NQTRF,75142.205507,21198.309468,Q,2026-03-09,CURR,0
NYTRF,1968.0,1415.0,N,2026-03-09,CURR,0
NCTRF,694.0,683.0,B,2026-05-04,CURR,0
NQTRF,38248.491514,4751.0,Q,2026-05-04,CURR,0
NCTRF,2138.99,25.0,B,2026-05-06,CURR,0
NQTRF,226031.095552,97909.333661,Q,2026-05-06,CURR,300
NYTRF,4298.0,887.0,N,2026-05-06,CURR,0
NCTRF,1142.07,241.0,B,2026-02-27,CURR,0
NQTRF,74134.946785,20241.941218,Q,2026-02-27,CURR,0
NYTRF,4845.0,691.0,N,2026-02-27,CURR,0
NQTRF,15094.162747,5121.0,Q,2026-04-17,CURR,0
NYTRF,1178.0,507.0,N,2026-04-17,CURR,0
NQTRF,58356.497575,17305.444444,Q,2026-03-06,CURR,0
NYTRF,1578.0,150.0,N,2026-03-06,CURR,0
NQTRF,61396.685238,15768.6401,Q,2026-05-12,CURR,0
NYTRF,1268.0,3.0,N,2026-05-12,CURR,0
NCTRF,1112.0,111.0,B,2026-05-15,CURR,0
NQTRF,107425.910074,37579.580879,Q,2026-05-15,CURR,102
NYTRF,7558.0,4425.0,N,2026-05-15,CURR,0
NQTRF,113680.038913,34109.144509,Q,2026-05-18,CURR,7250
NYTRF,7892.0,5535.0,N,2026-05-18,CURR,0
NCTRF,5421.0,3400.0,B,2026-03-31,CURR,0
NQTRF,175203.091292,65076.395256,Q,2026-03-31,CURR,0
NYTRF,11398.0,6383.0,N,2026-03-31,CURR,0
NCTRF,300.0,300.0,B,2026-02-23,CURR,0
NQTRF,34261.857476,12179.923076,Q,2026-02-23,CURR,0
NYTRF,2560.0,2389.0,N,2026-02-23,CURR,0
NQTRF,51084.063932,23735.798403,Q,2026-03-16,CURR,0
NYTRF,5405.0,1026.0,N,2026-03-16,CURR,0
NCTRF,9320.4444,8480.0,B,2026-05-07,CURR,0
NQTRF,125056.307912,28084.537634,Q,2026-05-07,CURR,828
NYTRF,2380.0,231.0,N,2026-05-07,CURR,0
NCTRF,118.0,116.0,B,2026-04-20,CURR,0
NQTRF,34300.792623,5237.0,Q,2026-04-20,CURR,0
NYTRF,1063.0,905.0,N,2026-04-20,CURR,0
NQTRF,45368.637926,19966.99435,Q,2026-04-01,CURR,0
NYTRF,8095.0,626.0,N,2026-04-01,CURR,0
NQTRF,30426.087633,14291.406015,Q,2026-04-27,CURR,0
NYTRF,1017.0,545.0,N,2026-04-27,CURR,0
NCTRF,1814.0,795.0,B,2026-05-08,CURR,0
NQTRF,164660.436302,40646.150939,Q,2026-05-08,CURR,723
NYTRF,2496.0,506.0,N,2026-05-08,CURR,0
NCTRF,2478.6732,2377.0,B,2026-05-01,CURR,0
NQTRF,39570.675803,6496.29542,Q,2026-05-01,CURR,0
NQTRF,31104.16388,10101.629337,Q,2026-03-05,CURR,0
NCTRF,50.0,35.0,B,2026-03-23,CURR,0
NQTRF,46820.466576,10305.0,Q,2026-03-23,CURR,0
NYTRF,5311.0,30.0,N,2026-03-23,CURR,0
NQTRF,84454.117025,11556.670984,Q,2026-04-14,CURR,99
NYTRF,6342.0,12.0,N,2026-04-14,CURR,0
NQTRF,35181.281683,14311.790175,Q,2026-03-04,CURR,840
NYTRF,4002.0,10.0,N,2026-03-04,CURR,0
NQTRF,45042.983283,10225.287574,Q,2026-05-19,CURR,209
NYTRF,4289.0,3008.0,N,2026-05-19,CURR,0
NCTRF,700.0,500.0,B,2026-03-30,CURR,0
NQTRF,14519.656749,8131.0,Q,2026-03-30,CURR,0
NYTRF,2730.0,722.0,N,2026-03-30,CURR,0
NCTRF,1191.0,591.0,B,2026-03-20,CURR,0
NQTRF,65005.939335,25492.747081,Q,2026-03-20,CURR,0
NYTRF,8374.0,200.0,N,2026-03-20,CURR,0
NCTRF,516.0,516.0,B,2026-05-13,CURR,0
NQTRF,52552.833139,8389.0,Q,2026-05-13,CURR,0
NYTRF,1991.0,163.0,N,2026-05-13,CURR,0
NCTRF,800.0,200.0,B,2026-04-13,CURR,0
NQTRF,59483.406739,14838.708933,Q,2026-04-13,CURR,0
NYTRF,1737.0,490.0,N,2026-04-13,CURR,0
NCTRF,3130.1768,300.0,B,2026-05-05,CURR,0
NQTRF,116145.315329,46512.902318,Q,2026-05-05,CURR,0
NYTRF,7124.0,257.0,N,2026-05-05,CURR,0
NQTRF,57848.97887,22183.18022,Q,2026-05-14,CURR,0
NYTRF,6591.0,1051.0,N,2026-05-14,CURR,0
NQTRF,42990.997521,22891.0,Q,2026-03-10,CURR,700
NYTRF,5226.0,1703.0,N,2026-03-10,CURR,0
NCTRF,100.0,100.0,B,2026-03-27,CURR,0
NQTRF,59548.198862,25784.0,Q,2026-03-27,CURR,0
NYTRF,1161.0,131.0,N,2026-03-27,CURR,0
NQTRF,71858.973775,14293.413598,Q,2026-04-08,CURR,0
NYTRF,1518.0,74.0,N,2026-04-08,CURR,0
NCTRF,356.0,300.0,B,2026-03-12,CURR,0
NQTRF,67853.212978,17872.0,Q,2026-03-12,CURR,0
NQTRF,40319.261031,22532.806449,Q,2026-05-20,CURR,0
NYTRF,4300.0,1717.0,N,2026-05-20,CURR,0
NQTRF,26698.852855,5371.984214,Q,2026-04-15,CURR,601
NYTRF,3364.0,1882.0,N,2026-04-15,CURR,0
NQTRF,68418.344877,31087.87914,Q,2026-04-21,CURR,0
NYTRF,2975.0,1431.0,N,2026-04-21,CURR,0
NCTRF,223.0,223.0,B,2026-02-26,CURR,0
NQTRF,21411.089992,13104.913157,Q,2026-02-26,CURR,0
NYTRF,2626.0,1429.0,N,2026-02-26,CURR,0
NQTRF,24612.957727,19456.369978,Q,2026-03-13,CURR,0
NYTRF,144.0,100.0,N,2026-03-13,CURR,0
NCTRF,632.0,605.0,B,2026-04-06,CURR,0
NQTRF,81387.476534,22051.074809,Q,2026-04-06,CURR,0
NYTRF,5795.0,206.0,N,2026-04-06,CURR,0
NCTRF,4308.0,2007.0,B,2026-04-16,CURR,0
NQTRF,101439.417738,38739.205847,Q,2026-04-16,CURR,0
NYTRF,2494.0,1631.0,N,2026-04-16,CURR,0
NCTRF,1400.0,800.0,B,2026-02-24,CURR,0
NQTRF,51662.9344,26900.0,Q,2026-02-24,CURR,800
NYTRF,1519.0,1405.0,N,2026-02-24,CURR,0
NQTRF,58388.952588,4083.0,Q,2026-04-30,CURR,0
NQTRF,31581.205532,12867.578332,Q,2026-04-23,CURR,0
NCTRF,719.0,7.0,B,2026-04-02,CURR,0
NQTRF,67421.434494,28389.593801,Q,2026-04-02,CURR,0
NYTRF,2275.0,825.0,N,2026-04-02,CURR,0
NCTRF,780.5882,580.0,B,2026-04-28,CURR,0
NQTRF,16856.581338,4623.0,Q,2026-04-28,CURR,0
NYTRF,2200.0,135.0,N,2026-04-28,CURR,0
NQTRF,8632.784224,296.028397,Q,2026-03-19,CURR,0
NQTRF,38819.281393,19856.03345,Q,2026-02-25,CURR,0
NYTRF,2369.0,869.0,N,2026-02-25,CURR,0
NCTRF,110.5882,110.0,B,2026-04-29,CURR,0
NQTRF,20141.037395,6976.507518,Q,2026-04-29,CURR,300
NYTRF,5920.0,2202.0,N,2026-04-29,CURR,0
NQTRF,21151.710278,7737.31496,Q,2026-04-22,CURR,0
NYTRF,431.0,305.0,N,2026-04-22,CURR,0
NQTRF,67084.018098,12668.853537,Q,2026-04-09,CURR,0
NQTRF,17454.716651,9427.8931,Q,2026-03-17,CURR,0
NYTRF,342.0,309.0,N,2026-03-17,CURR,0
NQTRF,28472.190136,10742.0,Q,2026-03-26,CURR,0
NQTRF,12415.28094,2195.0,Q,2026-03-11,CURR,0
NYTRF,3109.0,100.0,N,2026-03-11,CURR,0
NQTRF,204757.003258,41594.755349,Q,2026-04-10,CURR,4100
NYTRF,6010.0,2.0,N,2026-04-10,CURR,0
NQTRF,26074.239517,6134.0,Q,2026-03-18,CURR,0
NYTRF,1051.0,764.0,N,2026-03-18,CURR,0
NQTRF,41289.757958,16416.714285,Q,2026-04-07,CURR,0
NYTRF,925.0,104.0,N,2026-04-07,CURR,0
NQTRF,37448.218255,20908.0,Q,2026-04-24,CURR,0
NYTRF,597.0,297.0,N,2026-04-24,CURR,0
NQTRF,28794.919963,8612.0,Q,2026-03-24,CURR,280
NCTRF,4392.0,137.0,B,2026-03-25,CURR,0
NQTRF,37185.62108,7755.315789,Q,2026-03-25,CURR,0
NYTRF,2802.0,96.0,N,2026-03-25,CURR,0
NQTRF,28516.0,16381.0,Q,2026-01-20,CURR,0
NYTRF,373.0,372.0,N,2026-01-20,CURR,0
NQTRF,23976.0,13230.0,Q,2026-02-02,CURR,0
NYTRF,528.0,126.0,N,2026-02-02,CURR,0
NCTRF,1654.0,354.0,B,2026-01-05,CURR,64
NQTRF,41005.0,26035.0,Q,2026-01-05,CURR,0
NYTRF,1629.0,1016.0,N,2026-01-05,CURR,0
NQTRF,144689.0,112088.0,Q,2026-01-26,CURR,0
NYTRF,6876.0,1751.0,N,2026-01-26,CURR,0
NQTRF,33128.0,14341.0,Q,2026-01-29,CURR,0
NYTRF,918.0,119.0,N,2026-01-29,CURR,0
NCTRF,49596.0,37082.0,B,2025-11-03,CURR,5076
NQTRF,6001176.0,3525009.0,Q,2025-11-03,CURR,353911
NYTRF,261122.0,136079.0,N,2025-11-03,CURR,1314
NCTRF,3386.0,3300.0,B,2026-01-21,CURR,0
NQTRF,66908.0,38338.0,Q,2026-01-21,CURR,0
NYTRF,1113.0,3.0,N,2026-01-21,CURR,0
NCTRF,2959.0,900.0,B,2026-01-30,CURR,0
NQTRF,74094.0,40619.0,Q,2026-01-30,CURR,0
NYTRF,1369.0,169.0,N,2026-01-30,CURR,0
NQTRF,64551.0,18711.0,Q,2025-10-10,CURR,0
NQTRF,68432.0,13303.0,Q,2025-10-06,CURR,0
NCTRF,1547.0,700.0,B,2026-02-17,CURR,0
NQTRF,116089.0,103006.0,Q,2026-02-17,CURR,0
NYTRF,8264.0,6220.0,N,2026-02-17,CURR,0
NQTRF,69946.0,28141.0,Q,2026-01-12,CURR,10
NYTRF,1026.0,12.0,N,2026-01-12,CURR,0
NCTRF,1100.0,400.0,B,2026-02-03,CURR,0
NQTRF,103840.0,49503.0,Q,2026-02-03,CURR,0
NYTRF,1958.0,1619.0,N,2026-02-03,CURR,0
NCTRF,400.0,100.0,B,2026-02-04,CURR,0
NQTRF,17695.0,13434.0,Q,2026-02-04,CURR,0
NYTRF,1132.0,786.0,N,2026-02-04,CURR,0
NCTRF,5691.0,3248.0,B,2026-02-09,CURR,0
NQTRF,220787.0,130444.0,Q,2026-02-09,CURR,0
NYTRF,11042.0,5935.0,N,2026-02-09,CURR,0
NCTRF,6637.0,5137.0,B,2026-01-02,CURR,200
NQTRF,332009.0,214711.0,Q,2026-01-02,CURR,15064
NYTRF,76067.0,39185.0,N,2026-01-02,CURR,150
NCTRF,3322.0,2401.0,B,2025-11-04,CURR,0
NQTRF,655720.0,338398.0,Q,2025-11-04,CURR,23203
NYTRF,36389.0,17267.0,N,2025-11-04,CURR,0
NQTRF,29851.0,2538.0,Q,2025-10-14,CURR,0
NQTRF,61243.0,19443.0,Q,2025-10-07,CURR,0
NQTRF,18809.0,11277.0,Q,2026-01-22,CURR,0
NYTRF,2357.0,357.0,N,2026-01-22,CURR,0
NCTRF,158.0,57.0,B,2026-01-23,CURR,0
NQTRF,69864.0,29260.0,Q,2026-01-23,CURR,0
NYTRF,855.0,455.0,N,2026-01-23,CURR,0
NCTRF,111.0,100.0,B,2026-01-28,CURR,0
NQTRF,36701.0,23396.0,Q,2026-01-28,CURR,0
NYTRF,1687.0,1587.0,N,2026-01-28,CURR,0
NCTRF,1588.0,186.0,B,2026-02-12,CURR,0
NQTRF,51581.0,19956.0,Q,2026-02-12,CURR,2000
NYTRF,1297.0,1029.0,N,2026-02-12,CURR,0
NCTRF,103.0,101.0,B,2026-01-06,CURR,0
NQTRF,38127.0,25099.0,Q,2026-01-06,CURR,0
NYTRF,651.0,651.0,N,2026-01-06,CURR,0
NCTRF,700.0,500.0,B,2025-12-29,CURR,0
NQTRF,80044.0,22244.0,Q,2025-12-29,CURR,0
NYTRF,119.0,118.0,N,2025-12-29,CURR,0
NQTRF,62775.0,33491.0,Q,2025-12-22,CURR,0
NYTRF,2860.0,2388.0,N,2025-12-22,CURR,0
NCTRF,12586.0,8125.0,B,2025-10-31,CURR,0
NQTRF,444813.0,141581.0,Q,2025-10-31,CURR,0
NYTRF,48061.0,11183.0,N,2025-10-31,CURR,0
NQTRF,147092.0,51542.0,Q,2025-10-27,CURR,0
NYTRF,16176.0,200.0,N,2025-10-27,CURR,0
NCTRF,3240.0,2800.0,B,2025-10-16,CURR,0
NQTRF,266191.0,62636.0,Q,2025-10-16,CURR,0
NYTRF,33602.0,32.0,N,2025-10-16,CURR,0
NCTRF,1620.0,1620.0,B,2025-10-15,CURR,0
NQTRF,266887.0,89990.0,Q,2025-10-15,CURR,0
NCTRF,801.0,200.0,B,2025-10-03,CURR,0
NQTRF,150209.0,48248.0,Q,2025-10-03,CURR,0
NYTRF,81460.0,100.0,N,2025-10-03,CURR,0
NCTRF,101.0,100.0,B,2026-01-15,CURR,0
NQTRF,42191.0,12136.0,Q,2026-01-15,CURR,0
NYTRF,91.0,91.0,N,2026-01-15,CURR,0
NCTRF,800.0,800.0,B,2026-01-27,CURR,0
NQTRF,32995.0,17344.0,Q,2026-01-27,CURR,0
NYTRF,488.0,401.0,N,2026-01-27,CURR,0
NCTRF,2000.0,100.0,B,2026-02-06,CURR,0
NQTRF,52652.0,15873.0,Q,2026-02-06,CURR,0
NYTRF,3301.0,2263.0,N,2026-02-06,CURR,0
NCTRF,600.0,200.0,B,2026-02-05,CURR,0
NQTRF,37775.0,19395.0,Q,2026-02-05,CURR,0
NYTRF,1631.0,630.0,N,2026-02-05,CURR,0
NCTRF,2499.0,1658.0,B,2026-02-11,CURR,0
NQTRF,188398.0,91890.0,Q,2026-02-11,CURR,0
NYTRF,10645.0,5194.0,N,2026-02-11,CURR,0
NCTRF,10943.0,9457.0,B,2025-10-29,CURR,0
NQTRF,472391.0,177393.0,Q,2025-10-29,CURR,21787
NYTRF,28902.0,3262.0,N,2025-10-29,CURR,0
NCTRF,200.0,200.0,B,2025-10-09,CURR,0
NQTRF,46515.0,10345.0,Q,2025-10-09,CURR,0
NYTRF,3132.0,300.0,N,2025-10-09,CURR,0
NCTRF,201.0,200.0,B,2026-01-09,CURR,0
NQTRF,31444.0,14863.0,Q,2026-01-09,CURR,0
NYTRF,1221.0,1006.0,N,2026-01-09,CURR,0
NCTRF,1800.0,1300.0,B,2026-01-13,CURR,0
NQTRF,81417.0,61820.0,Q,2026-01-13,CURR,1818
NYTRF,6246.0,6106.0,N,2026-01-13,CURR,0
NCTRF,3540.0,3039.0,B,2026-01-14,CURR,0
NQTRF,74232.0,48735.0,Q,2026-01-14,CURR,0
NYTRF,3088.0,1577.0,N,2026-01-14,CURR,0
NQTRF,37784.0,17977.0,Q,2026-01-16,CURR,31
NYTRF,3803.0,3802.0,N,2026-01-16,CURR,0
NQTRF,48478.0,29504.0,Q,2025-12-30,CURR,0
NYTRF,753.0,753.0,N,2025-12-30,CURR,0
NCTRF,2600.0,1800.0,B,2025-12-15,CURR,0
NQTRF,139761.0,81338.0,Q,2025-12-15,CURR,1324
NYTRF,1744.0,1394.0,N,2025-12-15,CURR,0
NCTRF,8079.0,4550.0,B,2025-11-05,CURR,250
NQTRF,548623.0,325636.0,Q,2025-11-05,CURR,45100
NYTRF,49218.0,11606.0,N,2025-11-05,CURR,0
NQTRF,42083.0,7188.0,Q,2025-10-20,CURR,0
NQTRF,76051.0,51801.0,Q,2025-10-08,CURR,0
NYTRF,1693.0,100.0,N,2025-10-08,CURR,0
NQTRF,40952.0,4831.0,Q,2025-10-02,CURR,0
NYTRF,2727.0,25.0,N,2025-10-02,CURR,0
NQTRF,108690.0,24060.0,Q,2025-09-30,CURR,100
NYTRF,16722.0,1.0,N,2025-09-30,CURR,0
NQTRF,170650.0,28852.0,Q,2025-09-29,CURR,0
NCTRF,702.0,702.0,B,2026-01-07,CURR,0
NQTRF,27369.0,16226.0,Q,2026-01-07,CURR,0
NYTRF,5593.0,3540.0,N,2026-01-07,CURR,0
NCTRF,1985.0,1385.0,B,2026-02-10,CURR,0
NQTRF,144740.0,60630.0,Q,2026-02-10,CURR,1857
NYTRF,8084.0,3733.0,N,2026-02-10,CURR,0
NCTRF,2100.0,100.0,B,2026-02-18,CURR,0
NQTRF,36589.0,7385.0,Q,2026-02-18,CURR,100
NYTRF,1987.0,1867.0,N,2026-02-18,CURR,0
NCTRF,100.0,100.0,B,2025-12-01,CURR,0
NQTRF,53474.0,22641.0,Q,2025-12-01,CURR,0
NCTRF,2507.0,405.0,B,2025-10-30,CURR,0
NQTRF,219357.0,90188.0,Q,2025-10-30,CURR,23
NYTRF,31615.0,1279.0,N,2025-10-30,CURR,0
NCTRF,12986.0,10328.0,B,2025-10-28,CURR,0
NQTRF,774380.0,239174.0,Q,2025-10-28,CURR,636
NYTRF,171261.0,7764.0,N,2025-10-28,CURR,0
NCTRF,4498.0,300.0,B,2025-10-17,CURR,0
NQTRF,111600.0,35352.0,Q,2025-10-17,CURR,0
NYTRF,11469.0,8.0,N,2025-10-17,CURR,0
NQTRF,33690.0,14191.0,Q,2025-10-13,CURR,3800
NYTRF,1916.0,200.0,N,2025-10-13,CURR,0
NCTRF,3400.0,300.0,B,2026-02-13,CURR,0
NQTRF,31278.0,12278.0,Q,2026-02-13,CURR,56
NYTRF,5760.0,3564.0,N,2026-02-13,CURR,0
NQTRF,16221.0,7986.0,Q,2026-02-20,CURR,0
NYTRF,228.0,6.0,N,2026-02-20,CURR,0
NCTRF,101.0,100.0,B,2025-12-31,CURR,0
NQTRF,60180.0,17783.0,Q,2025-12-31,CURR,0
NYTRF,2279.0,1279.0,N,2025-12-31,CURR,0
NCTRF,6735.0,6635.0,B,2025-11-17,CURR,0
NQTRF,208070.0,105391.0,Q,2025-11-17,CURR,602
NYTRF,25571.0,2643.0,N,2025-11-17,CURR,0
NCTRF,2207.0,606.0,B,2025-11-10,CURR,0
NQTRF,363089.0,214634.0,Q,2025-11-10,CURR,1401
NYTRF,29528.0,15264.0,N,2025-11-10,CURR,0
NCTRF,1200.0,1200.0,B,2025-10-24,CURR,0
NQTRF,69013.0,18088.0,Q,2025-10-24,CURR,0
NYTRF,14005.0,62.0,N,2025-10-24,CURR,0
NQTRF,148969.0,24029.0,Q,2025-10-22,CURR,5395
NYTRF,11600.0,29.0,N,2025-10-22,CURR,0
NQTRF,74895.0,24747.0,Q,2025-10-21,CURR,0
NYTRF,13937.0,8400.0,N,2025-10-21,CURR,0
NCTRF,100.0,100.0,B,2025-10-01,CURR,0
NQTRF,31887.0,4362.0,Q,2025-10-01,CURR,0
NYTRF,5183.0,113.0,N,2025-10-01,CURR,0
NQTRF,32972.0,10001.0,Q,2025-09-22,CURR,0
NYTRF,3995.0,988.0,N,2025-09-22,CURR,0
NQTRF,29127.0,11172.0,Q,2026-01-08,CURR,0
NYTRF,810.0,807.0,N,2026-01-08,CURR,0
NCTRF,1000.0,1000.0,B,2025-12-23,CURR,0
NQTRF,135555.0,61230.0,Q,2025-12-23,CURR,0
NYTRF,8626.0,2123.0,N,2025-12-23,CURR,0
NQTRF,34540.0,18495.0,Q,2025-12-19,CURR,0
NYTRF,1444.0,325.0,N,2025-12-19,CURR,0
NCTRF,1793.0,1000.0,B,2025-12-18,CURR,0
NQTRF,62961.0,25062.0,Q,2025-12-18,CURR,0
NYTRF,6867.0,4719.0,N,2025-12-18,CURR,0
NCTRF,3000.0,1300.0,B,2025-12-11,CURR,0
NQTRF,50744.0,19898.0,Q,2025-12-11,CURR,0
NYTRF,1296.0,232.0,N,2025-12-11,CURR,0
NQTRF,8484.0,2431.0,Q,2026-02-19,CURR,0
NYTRF,117.0,7.0,N,2026-02-19,CURR,0
NCTRF,500.0,200.0,B,2025-12-12,CURR,0
NQTRF,52468.0,23148.0,Q,2025-12-12,CURR,423
NYTRF,1887.0,1593.0,N,2025-12-12,CURR,0
NCTRF,2172.0,400.0,B,2025-11-20,CURR,0
NQTRF,254232.0,67214.0,Q,2025-11-20,CURR,5690
NYTRF,90491.0,2845.0,N,2025-11-20,CURR,0
NCTRF,830.0,130.0,B,2025-11-06,CURR,0
NQTRF,174937.0,98538.0,Q,2025-11-06,CURR,12503
NYTRF,17620.0,1852.0,N,2025-11-06,CURR,0
NCTRF,338.0,300.0,B,2025-12-17,CURR,0
NQTRF,115773.0,66083.0,Q,2025-12-17,CURR,275
NYTRF,2371.0,27.0,N,2025-12-17,CURR,0
NCTRF,2957.0,1757.0,B,2025-12-16,CURR,0
NQTRF,129088.0,104866.0,Q,2025-12-16,CURR,2653
NYTRF,8876.0,7871.0,N,2025-12-16,CURR,0
NCTRF,2700.0,600.0,B,2025-12-09,CURR,0
NQTRF,62352.0,30272.0,Q,2025-12-09,CURR,0
NQTRF,65689.0,29636.0,Q,2025-12-05,CURR,0
NCTRF,305.0,105.0,B,2025-12-02,CURR,0
NQTRF,55498.0,23628.0,Q,2025-12-02,CURR,0
NYTRF,10943.0,118.0,N,2025-12-02,CURR,0
NCTRF,900.0,900.0,B,2025-11-21,CURR,0
NQTRF,36433.0,19004.0,Q,2025-11-21,CURR,73
NCTRF,1574.0,620.0,B,2025-11-14,CURR,0
NQTRF,82887.0,26105.0,Q,2025-11-14,CURR,0
NYTRF,19565.0,844.0,N,2025-11-14,CURR,0
NQTRF,82086.0,22641.0,Q,2025-10-23,CURR,3267
NYTRF,1242.0,501.0,N,2025-10-23,CURR,500
NQTRF,36797.0,11451.0,Q,2025-09-25,CURR,0
NYTRF,3656.0,3520.0,N,2025-09-25,CURR,0
NCTRF,600.0,600.0,B,2025-09-24,CURR,0
NQTRF,43528.0,20047.0,Q,2025-09-24,CURR,0
NYTRF,2178.0,1878.0,N,2025-09-24,CURR,0
NQTRF,15068.0,8612.0,Q,2025-09-23,CURR,0
NYTRF,3567.0,3512.0,N,2025-09-23,CURR,0
NQTRF,21270.0,11172.0,Q,2025-09-15,CURR,16
NYTRF,1230.0,23.0,N,2025-09-15,CURR,0
NQTRF,15128.0,5135.0,Q,2025-09-02,CURR,0
NYTRF,224.0,111.0,N,2025-09-02,CURR,0
NCTRF,3473.0,3473.0,B,2025-12-04,CURR,3373
NQTRF,28108.0,3761.0,Q,2025-12-04,CURR,10
NQTRF,98362.0,36877.0,Q,2025-12-03,CURR,109
NYTRF,5283.0,458.0,N,2025-12-03,CURR,0
NCTRF,952.0,651.0,B,2025-11-25,CURR,0
NQTRF,221479.0,89392.0,Q,2025-11-25,CURR,0
NYTRF,22794.0,4800.0,N,2025-11-25,CURR,0
NCTRF,3800.0,400.0,B,2025-11-24,CURR,0
NQTRF,135496.0,61659.0,Q,2025-11-24,CURR,0
NYTRF,30893.0,900.0,N,2025-11-24,CURR,0
NCTRF,1718.0,1718.0,B,2025-11-18,CURR,0
NQTRF,107265.0,58178.0,Q,2025-11-18,CURR,8778
NYTRF,18886.0,3421.0,N,2025-11-18,CURR,0
NCTRF,5900.0,800.0,B,2025-11-13,CURR,0
NQTRF,145493.0,78891.0,Q,2025-11-13,CURR,0
NYTRF,8547.0,2442.0,N,2025-11-13,CURR,0
NCTRF,200.0,200.0,B,2025-11-07,CURR,0
NQTRF,302368.0,157578.0,Q,2025-11-07,CURR,200
NYTRF,19612.0,7042.0,N,2025-11-07,CURR,0
NQTRF,46299.0,19610.0,Q,2025-09-26,CURR,0
NYTRF,9546.0,24.0,N,2025-09-26,CURR,0
NCTRF,200.0,200.0,B,2025-09-19,CURR,0
NQTRF,139473.0,66371.0,Q,2025-09-19,CURR,0
NYTRF,1560.0,757.0,N,2025-09-19,CURR,0
NCTRF,800.0,300.0,B,2025-12-10,CURR,0
NQTRF,44972.0,15116.0,Q,2025-12-10,CURR,1200
NCTRF,2850.0,1850.0,B,2025-11-26,CURR,0
NQTRF,49646.0,14497.0,Q,2025-11-26,CURR,0
NCTRF,400.0,300.0,B,2025-09-18,CURR,0
NQTRF,31610.0,11039.0,Q,2025-09-18,CURR,0
NYTRF,2340.0,160.0,N,2025-09-18,CURR,0
NQTRF,93045.0,34405.0,Q,2025-12-08,CURR,0
NYTRF,289.0,100.0,N,2025-12-08,CURR,0
NQTRF,140630.0,77648.0,Q,2025-11-19,CURR,363
NYTRF,15767.0,1249.0,N,2025-11-19,CURR,0
NQTRF,156606.0,69558.0,Q,2025-11-12,CURR,6275
NYTRF,7082.0,1507.0,N,2025-11-12,CURR,0
NQTRF,18368.0,12817.0,Q,2025-09-17,CURR,299
NYTRF,352.0,312.0,N,2025-09-17,CURR,0
NQTRF,32417.0,19838.0,Q,2025-09-08,CURR,0
NYTRF,513.0,510.0,N,2025-09-08,CURR,0
NCTRF,2391.0,1001.0,B,2025-08-01,CURR,1
NQTRF,390312.0,129489.0,Q,2025-08-01,CURR,34591
NYTRF,7550.0,1317.0,N,2025-08-01,CURR,0
NCTRF,470.0,400.0,B,2025-09-16,CURR,0
NQTRF,33882.0,10956.0,Q,2025-09-16,CURR,0
NYTRF,17.0,11.0,N,2025-09-16,CURR,0
NQTRF,41494.0,20859.0,Q,2025-08-22,CURR,145
NYTRF,2676.0,308.0,N,2025-08-22,CURR,0
NQTRF,22795.0,9367.0,Q,2025-08-11,CURR,392
NYTRF,2076.0,1074.0,N,2025-08-11,CURR,0
NQTRF,45079.0,23582.0,Q,2025-09-11,CURR,0
NYTRF,700.0,31.0,N,2025-09-11,CURR,0
NQTRF,26307.0,19847.0,Q,2025-09-10,CURR,182
NYTRF,971.0,771.0,N,2025-09-10,CURR,0
NQTRF,64807.0,29655.0,Q,2025-08-25,CURR,0
NYTRF,3301.0,141.0,N,2025-08-25,CURR,0
NQTRF,169536.0,55005.0,Q,2025-08-13,CURR,2361
NYTRF,3341.0,3258.0,N,2025-08-13,CURR,0
NCTRF,6700.0,5500.0,B,2025-08-12,CURR,0
NQTRF,211594.0,103257.0,Q,2025-08-12,CURR,233
NYTRF,12956.0,11748.0,N,2025-08-12,CURR,0
NCTRF,787.0,786.0,B,2025-06-30,CURR,100
NQTRF,2045491.0,1249424.0,Q,2025-06-30,CURR,116995
NYTRF,67933.0,31727.0,N,2025-06-30,CURR,0
NQTRF,81664.0,58764.0,Q,2025-12-26,CURR,0
NYTRF,768.0,318.0,N,2025-12-26,CURR,0
NCTRF,101.0,100.0,B,2025-11-11,CURR,0
NQTRF,227243.0,77695.0,Q,2025-11-11,CURR,4373
NYTRF,5950.0,4319.0,N,2025-11-11,CURR,0
NCTRF,4100.0,2700.0,B,2025-08-18,CURR,0
NQTRF,246912.0,91888.0,Q,2025-08-18,CURR,0
NYTRF,9065.0,4342.0,N,2025-08-18,CURR,0
NQTRF,120774.0,41862.0,Q,2025-07-31,CURR,11055
NYTRF,9882.0,5750.0,N,2025-07-31,CURR,0
NCTRF,803.0,800.0,B,2025-07-21,CURR,0
NQTRF,648307.0,255713.0,Q,2025-07-21,CURR,13279
NYTRF,12288.0,8037.0,N,2025-07-21,CURR,0
NCTRF,121996.0,62457.0,B,2025-07-07,CURR,0
NQTRF,18220274.0,10533381.0,Q,2025-07-07,CURR,148818
NYTRF,985293.0,466177.0,N,2025-07-07,CURR,0
NCTRF,1300.0,800.0,B,2025-09-12,CURR,0
NQTRF,149825.0,83180.0,Q,2025-09-12,CURR,679
NYTRF,3624.0,50.0,N,2025-09-12,CURR,0
NQTRF,86033.0,9171.0,Q,2025-09-09,CURR,0
NYTRF,13869.0,3130.0,N,2025-09-09,CURR,0
NCTRF,301.0,1.0,B,2025-09-03,CURR,0
NQTRF,17380.0,11655.0,Q,2025-09-03,CURR,0
NYTRF,196.0,30.0,N,2025-09-03,CURR,0
NQTRF,49699.0,33447.0,Q,2025-08-28,CURR,60
NYTRF,1490.0,372.0,N,2025-08-28,CURR,0
NQTRF,125164.0,60567.0,Q,2025-08-19,CURR,0
NYTRF,1350.0,930.0,N,2025-08-19,CURR,0
NCTRF,1233.0,1233.0,B,2025-08-14,CURR,0
NQTRF,743425.0,368106.0,Q,2025-08-14,CURR,1030
NYTRF,143270.0,86561.0,N,2025-08-14,CURR,0
NQTRF,56271.0,24239.0,Q,2025-08-07,CURR,834
NYTRF,3190.0,831.0,N,2025-08-07,CURR,0
NQTRF,139762.0,55615.0,Q,2025-08-06,CURR,19843
NYTRF,26377.0,1421.0,N,2025-08-06,CURR,0
NCTRF,60.0,50.0,B,2025-08-04,CURR,50
NQTRF,106348.0,57803.0,Q,2025-08-04,CURR,15806
NYTRF,20928.0,13106.0,N,2025-08-04,CURR,0
NCTRF,2687.0,442.0,B,2025-07-28,CURR,0
NQTRF,243529.0,105591.0,Q,2025-07-28,CURR,551
NYTRF,31387.0,25130.0,N,2025-07-28,CURR,0
NQTRF,28352.0,16872.0,Q,2025-09-05,CURR,170
NYTRF,551.0,551.0,N,2025-09-05,CURR,0
NQTRF,78693.0,49326.0,Q,2025-08-26,CURR,357
NYTRF,2323.0,332.0,N,2025-08-26,CURR,0
NCTRF,1700.0,800.0,B,2025-08-15,CURR,0
NQTRF,111283.0,51928.0,Q,2025-08-15,CURR,0
NYTRF,2780.0,1345.0,N,2025-08-15,CURR,0
NCTRF,600.0,600.0,B,2025-08-08,CURR,0
NQTRF,102843.0,70576.0,Q,2025-08-08,CURR,2200
NYTRF,11080.0,7242.0,N,2025-08-08,CURR,2117
NCTRF,600.0,500.0,B,2025-07-30,CURR,0
NQTRF,185278.0,101053.0,Q,2025-07-30,CURR,28391
NYTRF,6868.0,5856.0,N,2025-07-30,CURR,0
NCTRF,1553.0,53.0,B,2025-07-14,CURR,0
NQTRF,408725.0,228911.0,Q,2025-07-14,CURR,30466
NYTRF,17307.0,10166.0,N,2025-07-14,CURR,0
NQTRF,155609.0,96566.0,Q,2025-09-04,CURR,0
NYTRF,7042.0,35.0,N,2025-09-04,CURR,0
NQTRF,60326.0,12379.0,Q,2025-08-29,CURR,0
NYTRF,372.0,103.0,N,2025-08-29,CURR,0
NQTRF,60629.0,25060.0,Q,2025-08-05,CURR,2001
NYTRF,7823.0,7671.0,N,2025-08-05,CURR,0
NCTRF,7955.0,5010.0,B,2025-07-24,CURR,0
NQTRF,281523.0,152360.0,Q,2025-07-24,CURR,4635
NYTRF,16664.0,1679.0,N,2025-07-24,CURR,0
NCTRF,5643.0,3625.0,B,2025-07-23,CURR,0
NQTRF,508227.0,277568.0,Q,2025-07-23,CURR,2101
NYTRF,23415.0,11896.0,N,2025-07-23,CURR,0
NQTRF,166703.0,78734.0,Q,2025-07-15,CURR,16612
NYTRF,1189.0,189.0,N,2025-07-15,CURR,0
NQTRF,71967.0,22001.0,Q,2025-08-20,CURR,0
NYTRF,1198.0,1147.0,N,2025-08-20,CURR,0
NCTRF,5700.0,1000.0,B,2025-07-17,CURR,0
NQTRF,172199.0,80796.0,Q,2025-07-17,CURR,0
NYTRF,13219.0,9172.0,N,2025-07-17,CURR,0
NQTRF,1365005.0,773991.0,Q,2025-07-02,CURR,63939
NYTRF,26999.0,10797.0,N,2025-07-02,CURR,0
NCTRF,1526.0,1400.0,B,2025-07-29,CURR,0
NQTRF,530597.0,275375.0,Q,2025-07-29,CURR,116
NYTRF,10662.0,1601.0,N,2025-07-29,CURR,0
NCTRF,37196.0,20700.0,B,2025-07-22,CURR,0
NQTRF,917349.0,518199.0,Q,2025-07-22,CURR,2102
NYTRF,12710.0,5753.0,N,2025-07-22,CURR,0
NCTRF,2355.0,455.0,B,2025-07-18,CURR,0
NQTRF,352458.0,252468.0,Q,2025-07-18,CURR,0
NYTRF,7870.0,5284.0,N,2025-07-18,CURR,0
NCTRF,51.0,50.0,B,2025-07-16,CURR,0
NQTRF,164203.0,66519.0,Q,2025-07-16,CURR,0
NYTRF,9786.0,4750.0,N,2025-07-16,CURR,0
NCTRF,6702.0,2368.0,B,2025-07-08,CURR,201
NQTRF,1852840.0,1131946.0,Q,2025-07-08,CURR,92276
NYTRF,58150.0,36589.0,N,2025-07-08,CURR,2638
NCTRF,14030.0,11800.0,B,2025-05-27,CURR,0
NQTRF,10497477.0,5679180.0,Q,2025-05-27,CURR,226055
NYTRF,675332.0,409912.0,N,2025-05-27,CURR,0
NQTRF,73682.0,13905.0,Q,2025-08-21,CURR,0
NYTRF,694.0,67.0,N,2025-08-21,CURR,0
NCTRF,5105.0,1100.0,B,2025-07-01,CURR,0
NQTRF,2268879.0,1254703.0,Q,2025-07-01,CURR,9057
NYTRF,39541.0,12676.0,N,2025-07-01,CURR,0
NQTRF,195245.0,102087.0,Q,2025-07-25,CURR,11940
NYTRF,55380.0,5056.0,N,2025-07-25,CURR,0
NCTRF,1851.0,1650.0,B,2025-07-11,CURR,0
NQTRF,803502.0,348367.0,Q,2025-07-11,CURR,69692
NYTRF,42089.0,17480.0,N,2025-07-11,CURR,0
NCTRF,1901.0,701.0,B,2025-07-09,CURR,700
NQTRF,1189995.0,790507.0,Q,2025-07-09,CURR,55559
NYTRF,28945.0,1730.0,N,2025-07-09,CURR,0
NCTRF,3900.0,3800.0,B,2025-06-27,CURR,0
NQTRF,752601.0,377513.0,Q,2025-06-27,CURR,62568
NYTRF,69249.0,265.0,N,2025-06-27,CURR,0
NQTRF,384773.0,111771.0,Q,2025-06-09,CURR,0
NYTRF,164.0,99.0,N,2025-06-09,CURR,0
NQTRF,492031.0,247092.0,Q,2025-06-26,CURR,8230
NYTRF,6384.0,1855.0,N,2025-06-26,CURR,0
NQTRF,316590.0,61839.0,Q,2025-06-16,CURR,139
NYTRF,940.0,850.0,N,2025-06-16,CURR,0
NQTRF,54517.0,11809.0,Q,2025-08-27,CURR,0
NCTRF,5044.0,2992.0,B,2025-06-24,CURR,0
NQTRF,9101154.0,4790160.0,Q,2025-06-24,CURR,66003
NYTRF,259985.0,51963.0,N,2025-06-24,CURR,0
NCTRF,276613.0,155636.0,B,2025-06-23,CURR,0
NQTRF,76468821.0,42408734.0,Q,2025-06-23,CURR,283932
NYTRF,3168803.0,1118142.0,N,2025-06-23,CURR,0
NCTRF,500.0,500.0,B,2025-06-20,CURR,0
NQTRF,1955430.0,577222.0,Q,2025-06-20,CURR,77633
NYTRF,23227.0,200.0,N,2025-06-20,CURR,0
NQTRF,312157.0,62426.0,Q,2025-06-13,CURR,130
NYTRF,3440.0,135.0,N,2025-06-13,CURR,0
NCTRF,4101.0,1000.0,B,2025-11-28,CURR,0
NQTRF,65159.0,26378.0,Q,2025-11-28,CURR,0
NYTRF,1441.0,228.0,N,2025-11-28,CURR,0
NQTRF,650418.0,102854.0,Q,2025-06-03,CURR,5498
NYTRF,1403.0,220.0,N,2025-06-03,CURR,0
NCTRF,625.0,300.0,B,2025-05-30,CURR,0
NQTRF,793857.0,188731.0,Q,2025-05-30,CURR,15000
NYTRF,36391.0,2087.0,N,2025-05-30,CURR,0
NCTRF,19183.0,11465.0,B,2025-05-28,CURR,5135
NQTRF,4409732.0,2339815.0,Q,2025-05-28,CURR,281390
NYTRF,187478.0,105936.0,N,2025-05-28,CURR,0
NQTRF,367957.0,60315.0,Q,2025-06-11,CURR,0
NYTRF,20184.0,184.0,N,2025-06-11,CURR,0
NQTRF,737648.0,123803.0,Q,2025-06-10,CURR,0
NYTRF,235.0,235.0,N,2025-06-10,CURR,0
NCTRF,168.0,168.0,B,2025-06-04,CURR,168
NQTRF,556843.0,103179.0,Q,2025-06-04,CURR,10068
NYTRF,1007.0,7.0,N,2025-06-04,CURR,0
NCTRF,3803.0,3802.0,B,2025-05-22,CURR,3702
NQTRF,1163985.0,320883.0,Q,2025-05-22,CURR,72717
NYTRF,47683.0,9548.0,N,2025-05-22,CURR,0
NQTRF,376151.0,48427.0,Q,2025-05-21,CURR,390
NYTRF,21793.0,37.0,N,2025-05-21,CURR,0
NQTRF,1319195.0,843920.0,Q,2025-06-25,CURR,0
NYTRF,4624.0,2342.0,N,2025-06-25,CURR,0
NQTRF,543466.0,123755.0,Q,2025-06-17,CURR,12062
NYTRF,11168.0,3.0,N,2025-06-17,CURR,0
NQTRF,149645.0,29556.0,Q,2025-06-06,CURR,0
NCTRF,4675.0,400.0,B,2025-05-29,CURR,0
NQTRF,1470637.0,372274.0,Q,2025-05-29,CURR,5128
NYTRF,60735.0,26922.0,N,2025-05-29,CURR,0
NQTRF,440026.0,133884.0,Q,2025-05-23,CURR,9617
NYTRF,21415.0,1302.0,N,2025-05-23,CURR,0
NQTRF,14170.0,10848.0,Q,2025-12-24,CURR,0
NYTRF,1540.0,111.0,N,2025-12-24,CURR,0
NCTRF,100.0,100.0,B,2025-06-18,CURR,100
NQTRF,2043413.0,371316.0,Q,2025-06-18,CURR,7411
NYTRF,528.0,310.0,N,2025-06-18,CURR,0
NQTRF,268736.0,28700.0,Q,2025-06-12,CURR,0
NYTRF,3175.0,175.0,N,2025-06-12,CURR,0
NQTRF,110086.0,35371.0,Q,2025-06-05,CURR,500
NYTRF,80.0,80.0,N,2025-06-05,CURR,0
NCTRF,4303.0,4300.0,B,2025-07-10,CURR,0
NQTRF,911118.0,533751.0,Q,2025-07-10,CURR,22161
NYTRF,58962.0,43536.0,N,2025-07-10,CURR,0
NCTRF,1000.0,1000.0,B,2025-06-02,CURR,0
NQTRF,413389.0,51996.0,Q,2025-06-02,CURR,0
NQTRF,490345.0,272739.0,Q,2025-07-03,CURR,31295
NYTRF,23794.0,10983.0,N,2025-07-03,CURR,0
